{
    "0": [
        [
            -0.8760139444026963,
            0.054086796592563255,
            -0.020972580455335954
        ],
        [
            -0.35903232263300056,
            0.05342583852800822,
            0.8219669410291484
        ],
        [
            0.8390993143815527,
            0.05216895107706802,
            0.31831174516760147
        ],
        [
            -0.08338699600845129,
            0.018629922306161933,
            -0.9011903679314963
        ]
    ],
    "1": [
        [
            -0.7445953226205214,
            0.08192631473970483,
            0.4943962860743976
        ],
        [
            0.16480223540963646,
            0.10103217868855768,
            0.8943838040947457
        ],
        [
            0.4860553392366077,
            0.09533111231758085,
            0.76515934381927
        ],
        [
            0.8722508916430605,
            0.1111770388501405,
            -0.1220014686871292
        ],
        [
            0.7973279662863918,
            0.11051559767983953,
            -0.37129072111750405
        ],
        [
            0.6213729013361333,
            0.06869828135074388,
            -0.6543611155919707
        ],
        [
            0.446117306280436,
            0.059452847985249836,
            -0.7952818752834632
        ],
        [
            -0.5412374465983101,
            0.0038609186879440868,
            -0.7521871897418804
        ],
        [
            -0.7061813309773637,
            0.04548687862975858,
            -0.5871865921121757
        ]
    ]
}