{
    "0": [
        [
            0.07377953842817216,
            0.7312688448761083,
            0.9465486746045607
        ],
        [
            0.5675106523590283,
            0.7375668561906131,
            0.7410980821401728
        ],
        [
            0.8595272004426839,
            0.7700076825282203,
            0.2532691368411621
        ],
        [
            0.8471728294983,
            0.7859823894878065,
            -0.28816646090321074
        ],
        [
            0.5627432893093077,
            0.7570096535772239,
            -0.7370901762126641
        ],
        [
            -0.8863808343637098,
            0.7805677978105323,
            -0.0668938509492726
        ],
        [
            -0.7079127974844209,
            0.7697716599789218,
            0.5202588044862816
        ],
        [
            -0.5814029141443516,
            -0.4276936807146894,
            -0.07473265497398736
        ],
        [
            -0.42098145907438256,
            -0.42249986514260496,
            0.3728725866237773
        ],
        [
            0.17825422869087398,
            -0.406295321675747,
            0.5771125224800551
        ],
        [
            0.5822056057615911,
            -0.4149675436818767,
            0.2051873889029839
        ],
        [
            0.42648874703374484,
            -0.4483304221137631,
            -0.41526456958920943
        ],
        [
            -0.26896056300758636,
            0.7801809563098455,
            -0.9146170159932062
        ],
        [
            -0.7222948487300264,
            0.7742806750089943,
            -0.5976002469448317
        ],
        [
            -0.31738915331762657,
            -0.4513597767312137,
            -0.5456856596195278
        ]
    ],
    "1": [
        [
            0.5532454467897642,
            0.2071250863758186,
            0.1382439458521208
        ],
        [
            -0.5874810995785764,
            0.20402257177605798,
            -0.23693243739105935
        ]
    ]
}