{
    "0": [
        [
            -0.8244713615402316,
            0.31294956405782026,
            0.04478882140960864
        ],
        [
            -0.7630839737869749,
            0.3183031927219173,
            0.321247539614271
        ],
        [
            -0.6573409413435183,
            0.32349342288891914,
            0.5170518616780392
        ],
        [
            -0.4876419308327012,
            0.317612740852065,
            0.6672096203949491
        ],
        [
            -0.24029217829462954,
            0.31376676794538116,
            0.7761080786195725
        ],
        [
            0.048660544897429645,
            0.3221976958960295,
            0.8078246154387791
        ],
        [
            0.31438047171712996,
            0.32793637261734354,
            0.7402374195622968
        ],
        [
            -0.6601713467840505,
            0.29370244063926815,
            -0.4722261244244229
        ],
        [
            -0.7893970079486146,
            0.2935845806236937,
            -0.22745276065418005
        ],
        [
            -0.9715555376476712,
            -0.3529351196591816,
            0.12945223840929213
        ],
        [
            -0.9170871531895999,
            -0.35755885113206065,
            0.3546575442545832
        ],
        [
            -0.7917825756160047,
            -0.3562205627893096,
            0.5956848162787439
        ],
        [
            -0.6552671704493778,
            -0.3539057588073569,
            0.7486810796697375
        ],
        [
            -0.4691862455910916,
            -0.34608804380936586,
            0.8761659404999919
        ],
        [
            -0.2463817809366349,
            -0.3294677529034602,
            0.9666506071192968
        ],
        [
            -0.016618393241207816,
            -0.3221093132242941,
            0.9918652159291775
        ],
        [
            0.21240235928750972,
            -0.3207035800740388,
            0.9649433625126225
        ],
        [
            0.3833916016261686,
            -0.3145556460050019,
            0.9081193352626129
        ]
    ],
    "1": [
        [
            -0.8364495444543583,
            0.11985718551063046,
            0.00032038664260456703
        ],
        [
            -0.8195685631290996,
            0.18804993413353419,
            0.0814041328832719
        ],
        [
            -0.8913269734808377,
            -0.07583270091397155,
            0.07137066467216105
        ],
        [
            -0.8622023556843277,
            -0.00512328921887417,
            0.12116064037357972
        ],
        [
            -0.9387909916777107,
            -0.19823742212362624,
            0.03130871845800055
        ],
        [
            -0.9532193358690461,
            -0.24089528729944873,
            0.12342833736740007
        ],
        [
            -0.9067273718382924,
            -0.13262844860113313,
            0.15807074943346344
        ],
        [
            -0.9066138958622669,
            -0.17879545650091663,
            0.25794195024103955
        ],
        [
            -0.8948526126596162,
            -0.23774030649999403,
            0.36489676951237443
        ],
        [
            -0.8494022814587097,
            -0.06087887708269494,
            0.28480247236957057
        ],
        [
            -0.8301862238967506,
            0.07298782513388534,
            0.16892800412147585
        ],
        [
            -0.797264783340093,
            0.15703798777605654,
            0.23538400629568382
        ],
        [
            -0.8015281385784849,
            0.011148972378845044,
            0.34334566984154763
        ],
        [
            -0.7636103532752212,
            0.08817459190910568,
            0.37787917146877364
        ],
        [
            -0.7250545804317181,
            0.15396314824121238,
            0.4215245361511524
        ],
        [
            -0.8423314535670343,
            -0.13104870915412903,
            0.3809644325189128
        ],
        [
            -0.8188654838606368,
            -0.19478573487248532,
            0.4839637721693793
        ],
        [
            -0.7712316590386468,
            -0.23796462158899048,
            0.5827772137281056
        ],
        [
            -0.7171285426510232,
            -0.11963504504611981,
            0.5796802158334425
        ],
        [
            -0.756118612824284,
            -0.06251265024571563,
            0.49062845938106
        ],
        [
            -0.697763657936683,
            0.0288695108230772,
            0.5255594875262334
        ],
        [
            -0.6526559926702985,
            0.10549177788865609,
            0.549790653169796
        ],
        [
            -0.612618484694487,
            0.1795015297118266,
            0.569923214851671
        ],
        [
            -0.44446552402916406,
            0.1751364583947829,
            0.7008238094193595
        ],
        [
            -0.49948454556170474,
            0.12299217459525955,
            0.6817857803923361
        ],
        [
            -0.5425446881865063,
            0.043900171532737516,
            0.6762624757133261
        ],
        [
            -0.24413915506914152,
            0.1945764260723236,
            0.7728317367269638
        ],
        [
            -0.06697004719874852,
            0.20016817428521663,
            0.8033079552970477
        ],
        [
            0.6831382140911445,
            0.19886483622606468,
            0.40651430670546473
        ],
        [
            0.753094121634242,
            0.18193645721458526,
            0.25530331465135137
        ],
        [
            0.7505585190940038,
            0.13216391572002636,
            0.3044307587173699
        ],
        [
            -0.4286424276583335,
            -5.900492354104405e-05,
            -0.7437523495332867
        ],
        [
            -0.42841924006859083,
            -0.13510095247882975,
            -0.8119108833764729
        ],
        [
            -0.5242608836963416,
            -0.19883870793301522,
            -0.789806713042647
        ],
        [
            -0.533997932939153,
            -0.06245675884348569,
            -0.7092907956817693
        ],
        [
            0.5058820236187714,
            0.05210726389406853,
            -0.6885135498020675
        ],
        [
            0.4463057042287549,
            0.10313030027132919,
            -0.7093963838519065
        ],
        [
            0.8496049489916825,
            -0.1926062007139369,
            -0.4401027863708938
        ],
        [
            0.7848471281278199,
            -0.062008977615536906,
            -0.4287017522925171
        ],
        [
            0.7518131902781866,
            0.09933275309821932,
            -0.34338919417832486
        ],
        [
            -0.3281369550714215,
            0.12818493719384508,
            -0.7467896478268706
        ],
        [
            -0.4765493823355766,
            0.0682470197765971,
            -0.6884272353133963
        ],
        [
            -0.5136413398732994,
            0.14299914233273056,
            -0.6408752687086309
        ],
        [
            0.8675754898417313,
            -0.1359375839541971,
            -0.3273082659044097
        ],
        [
            0.7999121902962408,
            0.01004993491434112,
            -0.31473167619761633
        ],
        [
            0.7708894498277419,
            0.16177697531362573,
            -0.2224693373583331
        ],
        [
            0.8046107214430104,
            0.08238438008677053,
            -0.19324541788386262
        ],
        [
            0.8007794715856251,
            0.15270066276976937,
            -0.051175120892118064
        ],
        [
            0.7952448447307426,
            0.14324481357000546,
            0.12710278443322925
        ],
        [
