{
    "0": [
        [
            -0.6858443735493084,
            0.6572156649842366,
            0.07609642301434938
        ],
        [
            -0.6160739973719018,
            0.6361550185293542,
            0.32524243324686386
        ],
        [
            -0.4142414191662462,
            0.6790525473031714,
            0.5543410137817866
        ],
        [
            -0.1925741950792769,
            0.6733347640812762,
            0.6530101468958006
        ],
        [
            0.07908449716906056,
            0.6837723413822367,
            0.6673236566522237
        ],
        [
            0.34504269967697865,
            0.6863464577169905,
            0.5719861265559966
        ],
        [
            0.5985429537296295,
            0.70416401553154,
            0.29329525874058404
        ],
        [
            0.6761314956895236,
            0.7120046400201732,
            0.03285525799030438
        ],
        [
            0.614124977014919,
            0.6937227171053861,
            -0.31380508047214806
        ],
        [
            0.46670258403688236,
            0.685255434634029,
            -0.5097801827002263
        ],
        [
            0.1559325150791533,
            0.6924778644844036,
            -0.6705190120457731
        ],
        [
            -0.12788477415146107,
            0.6831115694019382,
            -0.6692614880354045
        ],
        [
            -0.47120835862081983,
            0.6864877281305583,
            -0.4751058941949969
        ],
        [
            -0.61592091665636,
            0.6724677434303162,
            -0.27751103043556213
        ]
    ],
    "1": [
        [
            -0.6781936743846633,
            0.41905070274449246,
            0.19504075957920253
        ],
        [
            -0.3079362568068662,
            0.45343137193212435,
            0.6181094716441671
        ],
        [
            0.2391605549450733,
            0.46091834808110954,
            0.6337214892944404
        ],
        [
            0.6472481159164024,
            0.4848795073960349,
            0.20301745817681724
        ],
        [
            0.5733749528984812,
            0.48234909412073906,
            -0.39339652824964894
        ],
        [
            0.022363101792121143,
            0.4531115209477252,
            -0.6913069033761211
        ],
        [
            -0.5618863978147859,
            0.44713676846560974,
            -0.392860313500903
        ]
    ]
}