{
    "0": [
        [
            0.1051461648637575,
            0.004900186395871247,
            0.8526209347408887
        ],
        [
            -0.8262218197046871,
            0.01447678004593542,
            0.02196527999825102
        ],
        [
            -0.7468802813968343,
            0.0013408646801417207,
            0.38276192369449963
        ],
        [
            -0.5351390724586867,
            0.013622318838466471,
            0.6569046937091902
        ],
        [
            -0.24615694721992992,
            -5.464530807353376e-05,
            0.8222592430455344
        ],
        [
            0.43371161334024677,
            0.011619637655594546,
            0.7355839501944827
        ],
        [
            0.672836359530142,
            0.0027764591242524944,
            0.511832782459336
        ],
        [
            0.807948162500432,
            -0.0003632251590854428,
            0.20873229118273748
        ],
        [
            0.8282509701378099,
            -0.0034469205735373955,
            -0.07586671905946168
        ],
        [
            -0.751313446620083,
            0.013963745404582726,
            -0.34227365870955356
        ],
        [
            -0.6047259638591138,
            0.009432535214239937,
            -0.5658163256484537
        ],
        [
            -0.4262152652678526,
            0.011709643744851176,
            -0.7161584812257835
        ],
        [
            -0.14499828778150545,
            0.006943980007311824,
            -0.8192252704665823
        ],
        [
            0.17426646771159285,
            0.013941537140657207,
            -0.8162684096341883
        ],
        [
            0.4831027003262332,
            0.010534901142080602,
            -0.6694154125564268
        ],
        [
            0.7302090686882188,
            -0.0019618848673080046,
            -0.39506450894928885
        ]
    ],
    "1": [
        [
            -0.8387385682024137,
            0.37061314646041754,
            0.01865574254329796
        ],
        [
            -0.836625155992806,
            0.38078820891678333,
            0.17860241322778164
        ],
        [
            -0.7748078976737128,
            0.36447915037473044,
            0.332329306072659
        ],
        [
            -0.7163357710296457,
            0.35713536522605205,
            0.4561298807913607
        ],
        [
            -0.6232204725753226,
            0.3640970749669968,
            0.5971728272089675
        ],
        [
            -0.49542979510234936,
            0.3513964342751673,
            0.7121013972376075
        ],
        [
            -0.3530597535769145,
            0.3510634758737352,
            0.8004072785377503
        ],
        [
            -0.19835565342166558,
            0.35054195617757195,
            0.8567133274504809
        ],
        [
            -0.029229624670331415,
            0.3617457287683806,
            0.8870856185828
        ],
        [
            0.14198819649992167,
            0.35403600456538026,
            0.8693557695106223
        ],
        [
            0.28907749130753163,
            0.3473214155617561,
            0.8235424652354408
        ],
        [
            0.4335353213237293,
            0.33961322380980447,
            0.73804907011452
        ],
        [
            0.5519384499029679,
            0.3414744222164154,
            0.6466748833656311
        ],
        [
            0.6686915748032481,
            0.33855650589051034,
            0.5148362839511531
        ],
        [
            0.7517863800448756,
            0.34896118094294853,
            0.3778041746759195
        ],
        [
            0.8053251651098143,
            0.35775903440871326,
            0.2395429400902874
        ],
        [
            0.8347778570418264,
            0.36207895699669335,
            0.10313046644715702
        ],
        [
            0.833949909048173,
            0.35578107703657985,
            -0.028888893290818445
        ],
        [
            0.8129197246888105,
            0.35080718795458476,
            -0.17403603473714754
        ],
        [
            0.7646701068117998,
            0.3474135839420816,
            -0.32538294892956093
        ],
        [
            0.702376261819154,
            0.35323496139608324,
            -0.44460021785926074
        ],
        [
            0.5996927550114484,
            0.35734316742277716,
            -0.5791863081939667
        ],
        [
            0.4775989515563616,
            0.3609694473158855,
            -0.6832433681075389
        ],
        [
            0.35344757281893024,
            0.3577452785493922,
            -0.7529981727422026
        ],
        [
            0.2139147272841497,
            0.37099594735738,
            -0.8089809681881558
        ],
        [
            0.07719594560462426,
            0.3692402996089124,
            -0.8252153164660769
        ],
        [
            -0.09472356171156641,
            0.38383879209801514,
            -0.8385202535978312
        ],
        [
            -0.2614091595656065,
            0.3697336080409728,
            -0.7940431182828693
        ],
        [
            -0.4204888501257267,
            0.36895585656166074,
            -0.7248740747289838
        ],
        [
            -0.552958067184613,
            0.3718088644522208,
            -0.6261541821338512
        ],
        [
            -0.6714427334363343,
            0.37672061705198445,
            -0.5031892429609768
        ],
        [
            -0.7702804330517264,
            0.37689721308836416,
            -0.3467691538213682
        ],
        [
            -0.8164877701422264,
            0.3674879215400794,
            -0.18042639257579013
        ]
    ]
}