{
    "0": [
        [
            0.11875296599172624,
            0.005460242405037411,
            -0.7280133902772222
        ],
        [
            -0.35563073163363745,
            0.020607560902987966,
            -0.6467353819141255
        ],
        [
            -0.6638688594203884,
            0.026828792942456024,
            -0.33657075823363614
        ],
        [
            -0.7240693311558042,
            0.03423893046688249,
            0.08836527820600107
        ],
        [
            -0.5338032524645392,
            0.017009228750464896,
            0.5019715970403761
        ],
        [
            -0.11947468383774537,
            0.022540546511631288,
            0.7285017189413014
        ],
        [
            0.4008222957256318,
            0.02255564214130406,
            0.656211753407602
        ],
        [
            0.7092278856183065,
            0.023034828044596223,
            0.31894351068712823
        ],
        [
            0.7646432853417711,
            0.008162833052493504,
            -0.12230931993083705
        ],
        [
            0.5431558146743769,
            -0.0019996265173271013,
            -0.5295730428624007
        ]
    ],
    "1": [
        [
            -0.5664301190376282,
            0.28821060013771055,
            -0.15202715069055558
        ],
        [
            -0.5845652152133244,
            0.28307290247050665,
            -0.03569304318197312
        ],
        [
            -0.5272711734662111,
            0.2928021012366503,
            -0.25218225193434746
        ],
        [
            -0.48050772272623504,
            0.2780449751477975,
            -0.3479885461238714
        ],
        [
            -0.4262034997973644,
            0.26512146342388343,
            -0.4265336618876793
        ],
        [
            -0.342798155805339,
            0.27306500116120214,
            -0.4884837282740552
        ],
        [
            -0.2501176604308373,
            0.27336557886817237,
            -0.5395253936121286
        ],
        [
            -0.1372759075609246,
            0.2740271039780854,
            -0.5781381519543642
        ],
        [
            -0.03239860410394613,
            0.2786865825247433,
            -0.5921917334198952
        ],
        [
            0.08078308209572753,
            0.2803964731219697,
            -0.5867917390718852
        ],
        [
            0.18182557207027464,
            0.2914390847200656,
            -0.5622103446312533
        ],
        [
            0.2984091762156613,
            0.27983478733659845,
            -0.520820383477
        ],
        [
            -0.5812724359609462,
            0.28366728747884434,
            0.05082937033364066
        ],
        [
            -0.553507592985707,
            0.288673710630786,
            0.16425448338831625
        ],
        [
            -0.5037637761105662,
            0.2798897680165111,
            0.2781854066727818
        ],
        [
            -0.44542325202907834,
            0.2865538152200835,
            0.3605336566056524
        ],
        [
            -0.36435964464271153,
            0.2893136648366051,
            0.44373609441040207
        ],
        [
            -0.2713109266757965,
            0.28914962728818255,
            0.5094764779011408
        ],
        [
            -0.180503872097344,
            0.285470838582999,
            0.5533368474728352
        ],
        [
            -0.07195731819929363,
            0.2864288051273221,
            0.5852893730190313
        ],
        [
            0.02481591215402315,
            0.2751168448578667,
            0.6003784271510871
        ],
        [
            0.14162829436667979,
            0.27830973941169374,
            0.592846979833629
        ],
        [
            0.23944563029900842,
            0.2936286587214124,
            0.5624893977158312
        ],
        [
            0.35102980829173736,
            0.2842094903777105,
            0.5173528629430333
        ],
        [
            0.4473473932701728,
            0.29899907396363384,
            0.4351359610957217
        ],
        [
            0.526506179257443,
            0.2915452489335286,
            0.34800455895693677
        ],
        [
            0.5888940772892516,
            0.2931495169982498,
            0.23304584631581365
        ],
        [
            0.6224121174050702,
            0.2885742855982648,
            0.1276067839935422
        ],
        [
            0.6354113022486368,
            0.2777985785404841,
            0.016457206738802296
        ],
        [
            0.6291194104231321,
            0.2761279475230437,
            -0.08404598473929442
        ],
        [
            0.60460314899683,
            0.28175151512026786,
            -0.16701131541281938
        ],
        [
            0.5523153571558248,
            0.2719645774021199,
            -0.2830592614661961
        ],
        [
            0.48548591686360665,
            0.27343891153122457,
            -0.376368837316609
        ],
        [
            0.3982867565976472,
            0.28932728612122416,
            -0.4490452774432527
        ]
    ],
    "2": [
        [
            -0.6234435439109802,
            0.563175826528926,
            0.0912206081248084
        ],
        [
            -0.55417799949646,
            0.6044970154762268,
            0.22642600536346436
        ],
        [
            -0.5383604344808393,
            0.5563780746112267,
            0.33405850061939824
        ],
        [
            -0.4678868988560418,
            0.5613312992756649,
            0.4369572964260134
        ],
        [
            0.3110409674593826,
            0.5447898940518011,
            0.5975642946420932
        ],
        [
            0.42173334061255197,
            0.5504640347559121,
            0.5358067235088889
        ],
        [
            0.5334575004070192,
            0.5519945005307326,
            0.4360986716441206
        ],
        [
            0.6156986624229955,
            0.5550682035111288,
            0.31300364889716376
        ],
        [
            0.4910650021093755,
            0.5605570681256019,
            -0.4560417699301901
        ],
        [
            0.36741633666546597,
            0.560358244299549,
            -0.5562698409767912
        ],
        [
            0.2380208775788878,
            0.5622714658208939,
            -0.6203061995896265
        ],
        [
            0.0891494671400563,
            0.5567766492696185,
            -0.6548018477072841
        ],
        [
            -0.08350476077397052,
            0.5655870122808806,
            -0.6598384311081658
        ]
    ]
}