{
    "0": [
        [
            0.10325442803839961,
            0.3673290404102313,
            0.5671480299070141
        ],
        [
            0.6524146700953605,
            0.24265411374709395,
            -0.10219515559148286
        ],
        [
            0.03496395599636933,
            0.37354155733559835,
            -0.5852596685757889
        ]
    ],
    "1": [
        [
            0.5873229940234058,
            0.2022346355402482,
            0.40671078958855156
        ],
        [
            -0.298980951651198,
            0.4338890046369834,
            0.3404142644195283
        ],
        [
            -0.5460985864185457,
            0.17569313701723027,
            0.42736697113340016
        ],
        [
            -0.30579949812538126,
            0.23364215954608725,
            0.6333189038455789
        ],
        [
            -0.4792175244276659,
            0.03753033366090651,
            0.6491532490123603
        ],
        [
            0.4459170604745547,
            0.42339181591357505,
            0.2263949249294542
        ],
        [
            0.7152974870769506,
            -0.03209283410916416,
            0.4371198183810549
        ],
        [
            0.7784426476983797,
            0.0057452595529736885,
            0.18747826478488389
        ],
        [
            0.3871360984895694,
            0.39460387849432277,
            -0.3659951461581733
        ],
        [
            0.4734143785219209,
            0.15219715534052672,
            -0.5840307270601842
        ],
        [
            0.6830899909855848,
            -0.05853589198247104,
            -0.41671702600417926
        ],
        [
            0.568428096254315,
            -0.12765796665633838,
            -0.6384668193955337
        ],
        [
            -0.33344612181608974,
            0.44580519564359294,
            -0.30963346555165433
        ],
        [
            -0.4758421209269237,
            0.2702765404174365,
            -0.48490751986367714
        ],
        [
            -0.5864762826168791,
            0.27654556219882154,
            -0.23886938581229947
        ],
        [
            -0.6652870991700132,
            0.07991274367877721,
            -0.4253913463841022
        ],
        [
            -0.7436866929421678,
            0.08606957251976237,
            -0.16958216458990955
        ]
    ],
    "2": [
        [
            0.1335391599320532,
            -0.20161542405420718,
            0.8311787101037569
        ],
        [
            -0.11801276605493183,
            -0.15401099468187393,
            -0.8371152122736122
        ]
    ]
}