{
    "0": [
        [
            -0.7955961795132974,
            0.36141731298427976,
            0.30619725073405246
        ],
        [
            -0.1800471903761302,
            0.32521902631964045,
            0.8024138518076256
        ],
        [
            0.6516952203702082,
            0.3296699793017016,
            0.5530425752633441
        ],
        [
            0.8752191575959519,
            0.3680948999635271,
            -0.17629821530340126
        ],
        [
            0.4694807474044824,
            0.3849578817537287,
            -0.7934381253700876
        ],
        [
            -0.24926913548401233,
            0.3673479542807509,
            -0.9003372682470056
        ],
        [
            -0.7979679688239931,
            0.3510236986964931,
            -0.4209899504362151
        ]
    ],
    "1": [
        [
            -0.6255343727617456,
            -0.3444289826706752,
            0.07800004772224987
        ],
        [
            -0.47850055650696743,
            -0.3488538284400602,
            0.34944163520605415
        ],
        [
            -0.2425729787735157,
            -0.3489195472363982,
            0.5326648117851007
        ],
        [
            0.0360345018129579,
            -0.33189712314582737,
            0.5913466195692567
        ],
        [
            0.36095004379749296,
            -0.3265223115941753,
            0.5047285237778788
        ],
        [
            0.5998430643340892,
            -0.30573840782090406,
            0.2750557614931253
        ],
        [
            0.7023365291385053,
            -0.2927135786980235,
            -0.030339901940635183
        ],
        [
            0.6505774630968968,
            -0.27595821228467615,
            -0.34839181982216516
        ],
        [
            0.46233973738848205,
            -0.2650917362936823,
            -0.5997189766532739
        ],
        [
            0.14598500748889628,
            -0.28321261159554806,
            -0.7425909783340152
        ],
        [
            -0.20066752248079964,
            -0.29352982544064793,
            -0.7212822479668912
        ],
        [
            -0.4897113070352618,
            -0.3138168369864332,
            -0.5229340957549933
        ],
        [
            -0.6367201893928347,
            -0.3279176882408947,
            -0.23210493216318584
        ]
    ]
}