{
    "0": [
        [
            -0.9164001211652838,
            0.4998950130314236,
            0.36468631587385786
        ],
        [
            -0.6271395392549014,
            0.47320947837076943,
            0.7712109997534703
        ],
        [
            -0.09629745165918019,
            0.5079973863322598,
            0.9886221194953553
        ],
        [
            0.6586111243159626,
            0.4383441420218434,
            0.7351248453790769
        ],
        [
            0.9165656476867705,
            0.45795159315165407,
            0.33253625981711055
        ],
        [
            0.959208523423619,
            0.49047306929555695,
            -0.18935956600191486
        ],
        [
            0.7303460106082347,
            0.48285785337974285,
            -0.6659314159004167
        ],
        [
            0.24701660924305127,
            0.4823610628750783,
            -0.9670460461497441
        ],
        [
            -0.3674950527243836,
            0.47202627260324564,
            -0.9115771282550901
        ],
        [
            -0.7749847979035996,
            0.4802883874824029,
            -0.5964708831474071
        ]
    ],
    "1": [
        [
            -0.8849078336710571,
            0.03472405230182813,
            0.17063522624373678
        ],
        [
            -0.643411039226297,
            -0.008213189536762767,
            0.6144712416762891
        ],
        [
            -0.16430117628184662,
            0.03884687116299267,
            0.8946920488401708
        ],
        [
            0.7954887168433046,
            -0.08429392065290096,
            0.34101966507332776
        ],
        [
            0.821476352998645,
            -0.0757894088494634,
            -0.2633874199665728
        ],
        [
            0.42652299866322385,
            -0.025781954809713337,
            -0.7655169744710324
        ],
        [
            -0.1127004827707637,
            -0.04579274500142147,
            -0.872396631798795
        ],
        [
            -0.5954952309967301,
            0.005367396644661444,
            -0.6595551301505381
        ]
    ],
    "2": [
        [
            -0.769103091079872,
            -0.13119031485421953,
            0.3702981023243813
        ],
        [
            -0.8292035334458059,
            0.16245503591306618,
            0.4510692010848265
        ],
        [
            -0.43166971017443945,
            0.14472480495027404,
            0.8430148683437685
        ],
        [
            -0.39777735718322643,
            -0.132868856540155,
            0.7553718230084917
        ],
        [
            0.054807812663229497,
            0.2427386576472375,
            0.9743101269824249
        ],
        [
            0.026867792220150146,
            -0.18740136644258593,
            0.8365670039457975
        ],
        [
            0.6868327474395847,
            0.09942856344264658,
            0.6262301930270918
        ],
        [
            0.5647547369015247,
            -0.2143374986965256,
            0.6140839591958469
        ],
        [
            0.9252677092025446,
            0.0836601765671124,
            0.0730957382901995
        ],
        [
            0.8227100805678499,
            -0.2125354670671695,
            0.05698564213933156
        ],
        [
            0.7316045429971483,
            0.1269399336268825,
            -0.5783604311900327
        ],
        [
            0.5983299085727105,
            -0.22543035913736392,
            -0.5182274761108252
        ],
        [
            0.19424449030255475,
            0.1435420228973311,
            -0.9234061263548308
        ],
        [
            0.10808889467367216,
            -0.21073245296352788,
            -0.8145044808325015
        ],
        [
            -0.38415078252985857,
            0.12291914457860201,
            -0.8530700217122617
        ],
        [
            -0.36733557823338087,
            -0.1742760197459897,
            -0.7389190657229363
        ],
        [
            -0.8112459800433882,
            0.19807304090146002,
            -0.4995350564940501
        ],
        [
            -0.7077948664940682,
            -0.12160298261685497,
            -0.4707850603879933
        ]
    ]
}