{
    "0": [
        [
            -0.6180932603449169,
            -0.026663705368442953,
            0.5007238164479931
        ],
        [
            -0.20466828757690914,
            0.17415595187149718,
            0.5384473721145228
        ],
        [
            0.12420285699758003,
            -0.03564746777083377,
            0.7768525563768335
        ],
        [
            0.34072429515174213,
            0.14996190058394065,
            0.46701845730085506
        ],
        [
            0.7159591623126192,
            -0.09989299816903015,
            0.36343699931464296
        ],
        [
            0.6180168675149188,
            0.11502338792471324,
            -0.05743031354586492
        ],
        [
            0.7265552968671403,
            -0.14014841156688537,
            -0.4128796633946859
        ],
        [
            0.41069902488131227,
            0.05230283782068511,
            -0.561470531195798
        ],
        [
            0.13863404601569565,
            -0.13260221225209534,
            -0.8284044886288577
        ],
        [
            -0.7825525184878749,
            -0.04535851564299189,
            -0.18412730611251232
        ]
    ],
    "1": [
        [
            -0.8993078972919878,
            -0.332347697971097,
            0.039462910017106646
        ],
        [
            -0.8853485396442314,
            -0.3242408986746644,
            0.18294757856832197
        ],
        [
            -0.851563322155372,
            -0.31500294529225514,
            0.3156874061602613
        ],
        [
            -0.7789990277244494,
            -0.30488792749551624,
            0.4630979450706106
        ],
        [
            -0.6860624497311975,
            -0.2972849181612131,
            0.5874758371090526
        ],
        [
            -0.5828311118062514,
            -0.2969181191310328,
            0.6844991430681499
        ],
        [
            -0.4619358779512686,
            -0.29473743046903367,
            0.7679922889331876
        ],
        [
            -0.351232955401594,
            -0.3007257685633349,
            0.8247082079610517
        ],
        [
            -0.23707233333551847,
            -0.29447890388536024,
            0.8656650128307285
        ],
        [
            -0.08952946647909792,
            -0.2921246719868194,
            0.8930477764574402
        ],
        [
            0.07251563043938876,
            -0.3100691376984874,
            0.8931943303422083
        ],
        [
            0.24338600330610202,
            -0.325767760679777,
            0.8609409329210884
        ],
        [
            0.38657478057756656,
            -0.33183450727927977,
            0.8045603923681306
        ],
        [
            0.5200759873360018,
            -0.3527204853824422,
            0.7213406888744499
        ],
        [
            0.6393250272373603,
            -0.3567180275111585,
            0.6162453922065528
        ],
        [
            0.734064465714497,
            -0.36743008553514905,
            0.4980154764247625
        ],
        [
            0.8081144838370093,
            -0.37976309857319185,
            0.3645900003900824
        ],
        [
            -0.8938550945447415,
            -0.35505143331021677,
            -0.09286973272617764
        ],
        [
            -0.39326179629834274,
            -0.3714479531975989,
            -0.8210847269782622
        ],
        [
            -0.21660015151113063,
            -0.362631601053518,
            -0.8786166589576881
        ],
        [
            -0.1017656287988619,
            -0.382510572579623,
            -0.8960781662087691
        ],
        [
            0.18162531697501738,
            -0.39232763705982104,
            -0.8886879025234117
        ],
        [
            0.3386228963203684,
            -0.3811793555698451,
            -0.8459882693883229
        ],
        [
            0.6023085568262183,
            -0.36980705598126284,
            -0.6837032815684443
        ],
        [
            0.6950841985250774,
            -0.39060187847252603,
            -0.5776422324564435
        ],
        [
            0.7844347248397748,
            -0.3839090054503399,
            -0.4396187244151606
        ],
        [
            0.845074859751524,
            -0.38535602282321035,
            -0.3070231666863768
        ],
        [
            0.8821517003137012,
            -0.3848211562217668,
            -0.1814535998154518
        ],
        [
            0.8989579099207875,
            -0.3887471478743695,
            -0.03996464164426796
        ],
        [
            0.8896283286751485,
            -0.3890001309268615,
            0.09104312697252002
        ],
        [
            0.8587058247206454,
            -0.38509744004218166,
            0.22839805454818787
        ]
    ]
}