{
    "0": [
        [
            -0.8811189226390141,
            0.1266322408449868,
            -0.05588692550105582
        ],
        [
            -0.1084479688472908,
            0.1303850183109015,
            0.8765828745435492
        ],
        [
            0.7728178149471866,
            0.12038903810373192,
            0.4400944302715551
        ],
        [
            0.7051460291864718,
            0.10613722427622974,
            -0.5679202361766862
        ],
        [
            -0.24245162797338599,
            0.09907729324890263,
            -0.8701451408329818
        ]
    ],
    "1": [
        [
            -0.8971288917930262,
            0.33281495654658905,
            0.17476780854972304
        ],
        [
            -0.8404899002832659,
            0.027977258320140284,
            0.2764994455724242
        ],
        [
            -0.777876342780859,
            0.07242334630079422,
            0.4146195882025396
        ],
        [
            -0.6886448319523762,
            0.033103188990095914,
            0.5628958741823832
        ],
        [
            -0.5891983274125705,
            0.020031613102956015,
            0.6700897899857403
        ],
        [
            -0.47238343558188295,
            0.048948546154793986,
            0.7476298641894576
        ],
        [
            -0.36050512932706624,
            0.04863214856926845,
            0.806100107729435
        ],
        [
            0.18424738579326205,
            0.0488939815539332,
            0.8710897032861357
        ],
        [
            0.3266656452365089,
            0.05215721072735298,
            0.8277359664963003
        ],
        [
            0.4449522007355648,
            0.032770384915977,
            0.7758632774374127
        ],
        [
            0.5353427169434095,
            0.06039098328077116,
            0.7106765031309451
        ],
        [
            0.6215096908837117,
            0.058790423689419266,
            0.6377745408729967
        ],
        [
            0.8652685535740732,
            0.05723454824029492,
            0.2214897155459157
        ],
        [
            0.8908336483724585,
            0.041060945062100604,
            0.09316908190511677
        ],
        [
            0.8957450696977518,
            0.041260986659188474,
            -0.059851335670692465
        ],
        [
            0.8761384648642516,
            0.059946669868923025,
            -0.19659599052567786
        ],
        [
            0.8379191984839764,
            0.02912830102915031,
            -0.33755173339211386
        ],
        [
            0.5169913083452233,
            0.05061537331809217,
            -0.7395596754166388
        ],
        [
            0.37876176231102254,
            0.031161077941608422,
            -0.8211567842542893
        ],
        [
            0.2602701518698372,
            0.02787894470728006,
            -0.8674471684047657
        ],
        [
            0.13056545821121085,
            0.04496499558906625,
            -0.8950627622100225
        ],
        [
            -0.003486902948530606,
            0.011533477633136825,
            -0.9075917666082951
        ],
        [
            -0.49356195820329335,
            0.0373927604986006,
            -0.7542249356077311
        ],
        [
            -0.6002611866364113,
            0.04116949225013181,
            -0.6681629733397411
        ],
        [
            -0.685477032411567,
            0.06323219666168028,
            -0.5674400071910375
        ],
        [
            -0.7609652361944708,
            0.06161099491904231,
            -0.4517487538734656
        ],
        [
            -0.832652281831812,
            0.025434197475853446,
            -0.30722739777447267
        ],
        [
            -0.8360126588827748,
            0.1462124779919453,
            0.2571844595710304
        ],
        [
            -0.7860981696020297,
            0.19265620816286985,
            0.39145384135285044
        ],
        [
            -0.7076137541550134,
            0.1955340737339311,
            0.523282208612987
        ],
        [
            -0.5956684151585673,
            0.1707501723627809,
            0.6433980143825773
        ],
        [
            -0.4924995558058962,
            0.18164233178534406,
            0.723704558230461
        ],
        [
            -0.3766101475419669,
            0.17933045335003894,
            0.7904178221237483
        ],
        [
            0.16790231938163439,
            0.18729072234903774,
            0.8648380254291825
        ],
        [
            0.299551948445484,
            0.17954740112048415,
            0.8260800885734054
        ],
        [
            0.42044879293217907,
            0.16231950250030125,
            0.7735940125626577
        ],
        [
            0.5148363348684812,
            0.1959238133647225,
            0.718075089477466
        ],
        [
            0.6064066244289279,
            0.2044914971338585,
            0.64459507772699
        ],
        [
            0.8569361783362723,
            0.17458336264700502,
            0.23769934040469093
        ],
        [
            0.8847530384063721,
            0.17542093101143838,
            0.11106769582629204
        ],
        [
            0.8921560404800144,
            0.17117533570692944,
            -0.03950748615783157
        ],
        [
            0.8765479421391733,
            0.1883340510823917,
            -0.18488353071078448
        ],
        [
            0.8358877813374554,
            0.1625263039160658,
            -0.3268377157273116
        ],
        [
            0.5147162026433802,
            0.17228880621010983,
            -0.7408049839052988
        ],
        [
            0.3990833918635662,
            0.1708556185834683,
            -0.8107682826427313
        ],
        [
            0.28307499075608866,
            0.17220491618518868,
            -0.8599355256845874
        ],
        [
            0.164155872809775,
            0.18303272309997273,
            -0.8922488199713084
        ],
        [
            0.014263370873115765,
            0.14730972782686844,
            -0.9053925077120463
        ],
        [
            -0.478701708398082,
            0.15365785919129848,
            -0.759979381073605
        ],
        [
            -0.5818823078404303,
            0.17647228328430134,
            -0.681187754869461
        ],
        [
            -0.6725713518949655,
            0.17612854704867661,
            -0.5799238490303178
        ],
        [
            -0.7451507674965039,
            0.18646545734437026,
            -0.47461790712919527
        ],
        [
            -0.812958590797524,
            0.17001428318891063,
            -0.3353186673415241
        ],
        [
            -0.8611349327755826,
            0.29346720887614147,
            0.2524361422817622
        ],
        [
            -0.8173598690075917,
            0.30865770350168414,
            0.37291451926166946
        ],
        [
            -0.7368379732430805,
            0.31852233588420853,
            0.5175022680638572
        ],
        [
            -0.629729885222583,
            0.3004519493030063,
            0.6373844159574344
        ],
        [
            -0.5277253746146887,
            0.3130859524151529,
            0.7256125502743072
        ],
        [
            -0.40019435768431805,
            0.3146231401156872,
            0.8019445836544037
        ],
        [
            0.14996169182623542,
            0.31811373715483865,
            0.8875383308460546
        ],
        [
            0.29198793163324926,
            0.31119517052004525,
            0.8484813496998861
        ],
        [
            0.4024911174831325,
            0.30375254067451984,
            0.8012763088288373
        ],
        [
            0.5200784940202281,
