{
    "0": [
        [
            -0.7579135075621649,
            0.27155999885786564,
            -0.09523603273523595
        ],
        [
            -0.7817179370452376,
            0.1601756909971728,
            0.003659990139182328
        ],
        [
            -0.5425702394360173,
            0.26765406114341567,
            0.5515797040323271
        ],
        [
            -0.618541632209801,
            0.1660931391072356,
            0.48622303932077354
        ],
        [
            -0.1184538911877994,
            0.27123518474400043,
            0.7764229296303508
        ],
        [
            -0.025872243300297457,
            0.15974142480708892,
            0.79771334833308
        ],
        [
            0.5221226405632752,
            0.272456239608507,
            0.5679097095083806
        ],
        [
            0.4410051253883059,
            0.16600054971493486,
            0.65244627258052
        ],
        [
            0.737306376187273,
            0.30078861322704864,
            0.1264115308368712
        ],
        [
            0.761546560201138,
            0.19477214961253925,
            0.027021239476666733
        ],
        [
            0.5432666574031897,
            0.29541993879715833,
            -0.4923356217128542
        ],
        [
            0.6073396371788347,
            0.19748439927247574,
            -0.4441894403231579
        ],
        [
            0.08971274549716798,
            0.3002663154455158,
            -0.7338448941801773
        ],
        [
            0.004611982187002999,
            0.1943813677744817,
            -0.7622704284294003
        ],
        [
            -0.5262880895550796,
            0.2871788958160896,
            -0.5471515512841894
        ],
        [
            -0.45306678931472194,
            0.19657578231046424,
            -0.6307510123539469
        ]
    ],
    "1": [
        [
            -0.6773548688900684,
            0.7549938864885901,
            0.1965047008199167
        ],
        [
            -0.5121682886702422,
            0.7732013073688058,
            0.5105141005147001
        ],
        [
            -0.20917458893666352,
            0.7643343829055307,
            0.7021482284532934
        ],
        [
            0.19878450981675583,
            0.7556284454609198,
            0.6998998405837853
        ],
        [
            0.5452716075686883,
            0.7591972430746259,
            0.4472142121347668
        ],
        [
            0.6769805314847857,
            0.773804325971715,
            0.07940279728480948
        ],
        [
            0.5903905821098409,
            0.7867038021504998,
            -0.2951609943684198
        ],
        [
            0.3316303788071469,
            0.7978878939089997,
            -0.5700563465684189
        ],
        [
            -0.03796323682939054,
            0.7785941372717047,
            -0.6724022117456456
        ],
        [
            -0.4128663946173147,
            0.7594161782631802,
            -0.5466501632975691
        ],
        [
            -0.6541792865137797,
            0.761434206336334,
            -0.23343796938708103
        ]
    ]
}