{
    "0": [
        [
            -0.40669933788238033,
            0.4759784733736387,
            0.6558898773244632
        ],
        [
            -0.12670087005773728,
            0.4825382464891904,
            0.7846902514690961
        ],
        [
            0.1910293361870572,
            0.48480186037098366,
            0.7889256792453428
        ],
        [
            0.5553268011497414,
            0.47020436803931775,
            0.5788518877133079
        ],
        [
            0.7576910465850426,
            0.48808497580117133,
            0.2762304473365575
        ],
        [
            0.8106548119796796,
            0.5109054632066341,
            -0.143282856143425
        ],
        [
            0.6214823072193233,
            0.4942674156060352,
            -0.5385034570408838
        ],
        [
            0.25351959101434024,
            0.474928822960815,
            -0.7621731107447025
        ],
        [
            -0.18564453494699695,
            0.4901777204078964,
            -0.7641670894019211
        ],
        [
            -0.538712899017212,
            0.4634643617036093,
            -0.5181811604353473
        ],
        [
            -0.7243086569983026,
            0.462496006877526,
            -0.12437675651567785
        ],
        [
            -0.6531836074861613,
            0.46807971440932966,
            0.3515620772134174
        ]
    ],
    "1": [
        [
            -0.08739896573068584,
            -0.1617075470283185,
            0.6481233306993678
        ],
        [
            0.6647198188526386,
            -0.10731985741110771,
            0.22121613392873493
        ],
        [
            0.22905346330025,
            -0.13239491956918154,
            -0.6424008122569663
        ],
        [
            -0.5716533430530295,
            -0.18273771820442342,
            -0.12434339796751745
        ]
    ]
}