{
    "0": [
        [
            -0.8277523362098261,
            -0.0637205564391166,
            0.0985572248607105
        ],
        [
            -0.44015397352870045,
            -0.0427778676577607,
            0.6983804874945397
        ],
        [
            0.15730346879184237,
            -0.08354123189091431,
            0.8317232633614149
        ],
        [
            0.6820942944307683,
            -0.08754802306457604,
            0.4991124760992326
        ],
        [
            0.7868756419652468,
            -0.07199454936052761,
            -0.23503858657150403
        ],
        [
            0.1819308950540899,
            -0.06614682407024956,
            -0.824881489124916
        ],
        [
            -0.5415853219535441,
            -0.07156874268654886,
            -0.659154051875373
        ]
    ],
    "1": [
        [
            -0.6673734355877488,
            0.06765501446209192,
            0.3831113714774936
        ],
        [
            -0.7875877090048572,
            -0.27203614129054826,
            0.4725172950195514
        ],
        [
            -0.19946450269736984,
            -0.27041802739432685,
            0.9117500353310762
        ],
        [
            0.5165960811375133,
            -0.25651311429511797,
            0.7758761008053263
        ],
        [
            0.9103046332130335,
            -0.2721247095257843,
            0.14104943284050114
        ],
        [
            0.5960990292768852,
            -0.28522866732219726,
            -0.7073151116017942
        ],
        [
            -0.2503894352432813,
            -0.27032875731377537,
            -0.9096680980857829
        ],
        [
            -0.8720117723455234,
            -0.2888092865141071,
            -0.3377317717945089
        ],
        [
            -0.1435311231452189,
            0.08757237050924781,
            0.7546959095452664
        ],
        [
            0.41895737203391825,
            0.07371050067960185,
            0.6526593509880272
        ],
        [
            0.7395978630185127,
            0.08755160625302233,
            0.14288658174319427
        ],
        [
            0.5218844879685248,
            0.08237933230714668,
            -0.5572232023826162
        ],
        [
            -0.18517656032404517,
            0.06269414949786731,
            -0.7759363370549668
        ],
        [
            -0.7099553462284715,
            0.08296330819354356,
            -0.3106261533714815
        ]
    ]
}