{
    "0": [
        [
            -0.8947873286561366,
            0.04437837356215079,
            0.007292981693900727
        ],
        [
            -0.7497859166777329,
            0.22171728864843565,
            0.3729383328015288
        ],
        [
            -0.7841548020781776,
            -0.08479121346052582,
            0.37575769973428624
        ],
        [
            -0.6239680424406314,
            0.6151968720051231,
            0.3575552350129383
        ],
        [
            -0.4545652228265752,
            0.4603543519778793,
            0.5904376271707921
        ],
        [
            0.0192256674738531,
            0.012642525314179786,
            0.8082689613788977
        ],
        [
            0.6406564827937654,
            0.4751417499447668,
            0.32626766273096286
        ],
        [
            0.7905519749337069,
            0.44104779097730873,
            -0.16198723067219375
        ],
        [
            0.8821881996135199,
            0.00799363791770824,
            -0.26544907040611543
        ],
        [
            0.5948002861455914,
            0.0061155182547020254,
            -0.7535784804982837
        ],
        [
            0.265752481755724,
            -0.08522559401917894,
            -0.9486885779133599
        ],
        [
            -0.02330008454344865,
            0.49291077732275695,
            -0.8683923858556992
        ],
        [
            -0.6134258011951055,
            0.05877176240949805,
            -0.7239911454604575
        ],
        [
            -0.7284496656138069,
            0.5827197608776885,
            -0.3103739270629774
        ],
        [
            -0.13392509933705585,
            0.6468949849324778,
            0.6466865659622122
        ],
        [
            0.23153200340787256,
            0.1952981013716675,
            0.7563952035791291
        ],
        [
            0.4430900058172992,
            -0.08234212399986778,
            0.6905153746573788
        ],
        [
            -0.2693627979831892,
            -0.14266584357179107,
            0.7728330832849692
        ]
    ],
    "1": [
        [
            -0.7866587653455728,
            0.4677547896739177,
            0.05346995222442196
        ],
        [
            -0.5438022269747564,
            0.024302998796227805,
            0.6319712418985565
        ],
        [
            -0.25002655407898866,
            0.24287586480912993,
            0.7500479689638964
        ],
        [
            0.09427790167199024,
            0.487853154203973,
            0.696820517692767
        ],
        [
            0.4042395250222018,
            0.6216394938239755,
            0.5068742858116017
        ],
        [
            0.7013748434402545,
            0.03339935141653416,
            0.4440813667281633
        ],
        [
            0.841032423381883,
            0.1566080137690612,
            0.1158746212413818
        ],
        [
            0.6810111543101319,
            0.6569952667158451,
            0.04595606170357936
        ],
        [
            0.5132247353205281,
            0.47662750442638024,
            -0.6961019089036804
        ],
        [
            0.6535198803448502,
            0.622049689123163,
            -0.45055066937833804
        ],
        [
            0.23382101536208405,
            0.6276171767407921,
            -0.7843272884054042
        ],
        [
            0.7590419876041697,
            0.21145091576807534,
            -0.516530271519476
        ],
        [
            0.7933110045451744,
            -0.123383633682833,
            -0.5267210123098753
        ],
        [
            0.2959151077062902,
            0.24089867757559916,
            -0.8960593698715311
        ],
        [
            -0.06094323764082347,
            0.06082892465704675,
            -0.9732222890479841
        ],
        [
            -0.36514872601179704,
            -0.10956800120545533,
            -0.9145338148608926
        ],
        [
            -0.338827724258105,
            0.29140800332845573,
            -0.8644877259371718
        ],
        [
            -0.32826455237146196,
            0.6218251156074375,
            -0.7429612904287584
        ],
        [
            -0.5608798936032785,
            0.5022692338946025,
            -0.6290595695483935
        ],
        [
            -0.7043809309862377,
            0.2850252510254258,
            -0.5704235341666424
        ],
        [
            -0.8303553374288595,
            0.2204691655586553,
            -0.3489652226319842
        ],
        [
            -0.8366848769612977,
            -0.0886236265570885,
            -0.4157425158305979
        ],
        [
            -0.897804588991053,
            -0.14332464482854396,
            -0.17364354608690039
        ]
    ]
}