{
    "0": [
        [
            -0.7826594772626843,
            0.2792864638446613,
            0.24606143755796178
        ],
        [
            -0.5916004562429313,
            0.2861185272855834,
            0.57412848858541
        ],
        [
            -0.29379191286861894,
            0.27553382348579664,
            0.7794581673791011
        ],
        [
            0.20653138849071903,
            0.2877435953040082,
            0.8454156025687111
        ],
        [
            0.6798332604819429,
            0.28725080488905097,
            0.585339326449539
        ],
        [
            0.9143332236072141,
            0.2912630480042867,
            0.09252604299237398
        ],
        [
            0.8181703823622658,
            0.30930250828443134,
            -0.4485596849408212
        ],
        [
            0.42735146470067625,
            0.326443041074666,
            -0.8020491683409643
        ],
        [
            -0.05916543753211537,
            0.2987010976534374,
            -0.8632887434332563
        ],
        [
            -0.5269939097570089,
            0.3063999187638564,
            -0.6563363716545509
        ],
        [
            -0.7886649341565635,
            0.2913185939290645,
            -0.2519796913021744
        ]
    ],
    "1": [
        [
            -0.7150582025952417,
            -0.13923651852335867,
            0.05700134760668007
        ],
        [
            -0.49700849162664623,
            -0.16891596121325395,
            0.5069116824408929
        ],
        [
            -0.10475808187015798,
            -0.14501287935441398,
            0.7346274199588197
        ],
        [
            0.29356107806985215,
            -0.14165194837499454,
            0.71652079215876
        ],
        [
            0.6488571085748635,
            -0.13073767900474345,
            0.4729329044118934
        ],
        [
            0.8157367681864626,
            -0.10622068250861055,
            0.10058346340019646
        ],
        [
            0.7813162028659094,
            -0.08014101001909879,
            -0.3038198738442469
        ],
        [
            0.5289673592298603,
            -0.08402542596809989,
            -0.6313030541010852
        ],
        [
            0.08645891196037007,
            -0.100672734764518,
            -0.7871257167435152
        ],
        [
            -0.3458134980841959,
            -0.11137766898078146,
            -0.6743739717907759
        ],
        [
            -0.6528221764310611,
            -0.12043204000508628,
            -0.3390586319206318
        ]
    ]
}