{
    "0": [
        [
            -0.533595248600245,
            0.10112610541399246,
            0.6519551081682191
        ],
        [
            0.6633072085850817,
            0.07181981427298366,
            0.5196895890779285
        ],
        [
            0.6234510113140966,
            0.1077910393996621,
            -0.556686561949245
        ],
        [
            -0.5985469098705313,
            0.10132266290262044,
            -0.5892713214946388
        ]
    ],
    "1": [
        [
            -0.8749720630745439,
            0.3331306268321512,
            0.3903435513325269
        ],
        [
            -0.7868701432625093,
            0.32398611846552716,
            0.5425452838116641
        ],
        [
            -0.7101618538440113,
            0.20084664110146777,
            0.6041168117187392
        ],
        [
            -0.7312863705698976,
            0.08755556163714104,
            0.5330102219409549
        ],
        [
            -0.8138375381628672,
            0.07532176301283862,
            0.393065849619527
        ],
        [
            -0.7311200448767244,
            -0.017682744541546266,
            0.4870643866739062
        ],
        [
            -0.6530384902560383,
            0.08767556445245896,
            0.6289405177492614
        ],
        [
            -0.6721623652768367,
            -0.10658407240238005,
            0.5217483380755175
        ],
        [
            -0.6118849866354286,
            -0.0014251458007456493,
            0.6379699853796456
        ],
        [
            -0.6199250918039134,
            0.285019369444377,
            0.7252720847935744
        ],
        [
            -0.43833071708334664,
            0.3324833004116323,
            0.8625291122521969
        ],
        [
            -0.23904106667374864,
            0.2933909758268034,
            0.932020290152115
        ],
        [
            -0.5255168592188991,
            0.19158398806206925,
            0.7739520123449423
        ],
        [
            -0.3280852661825794,
            0.21986739471503194,
            0.8860783797646888
        ],
        [
            -0.12749973543520485,
            0.1830903392817293,
            0.9287987645183291
        ],
        [
            -0.48397618119302266,
            0.09805838787172844,
            0.7740238349443719
        ],
        [
            -0.4851522243939913,
            -0.08812197687534186,
            0.7108609071144691
        ],
        [
            -0.4901199102401733,
            -0.014722500099534436,
            0.7349915206432343
        ],
        [
            -0.2871244957638999,
            0.10595540724442166,
            0.8712824628514758
        ],
        [
            -0.11624426232369918,
            0.08849812301094305,
            0.905181335670322
        ],
        [
            -0.2602934455926265,
            0.008833091764562253,
            0.8531577198877247
        ],
        [
            -0.12127939718110221,
            0.013105523687536045,
            0.8847496845419445
        ],
        [
            -0.06770338424264569,
            -0.04127478072011512,
            0.8752571197405253
        ],
        [
            -0.25117259732717595,
            -0.06073194660643149,
            0.8343414978162776
        ],
        [
            0.40948840879279075,
            0.2920243596966318,
            0.8740912193445851
        ],
        [
            0.5568926437049391,
            0.2664333684592726,
            0.7793353482296592
        ],
        [
            0.4195503603394439,
            0.037749402532737314,
            0.7942368162841331
        ],
        [
            0.5487367048722889,
            0.08201148663006655,
            0.7222242538535267
        ],
        [
            0.5099441118207808,
            -0.045174593996707944,
            0.7054533051142513
        ],
        [
            0.527191042076058,
            -0.12066908785000374,
            0.6627820430812748
        ],
        [
            0.6908838133544697,
            0.2632116823948942,
            0.6562452272327952
        ],
        [
            0.6974583532212223,
            0.1707751853603882,
            0.6121314045660659
        ],
        [
            0.6736146179513899,
            0.06636110754677342,
            0.5956874200792024
        ],
        [
            0.7047670783365474,
            -0.0074370353288780765,
            0.5208946878419203
        ],
        [
            0.6932213737466241,
            -0.11282145227752836,
            0.4832326956724716
        ],
        [
            0.8388757760064643,
            0.32155620800821405,
            0.4764766976498721
        ],
        [
            0.8412884126608621,
            0.22208581463455754,
            0.4173165590875478
        ],
        [
            0.808278083229979,
            0.11397324257289258,
            0.41484999342467455
        ],
        [
            0.9198420638420496,
            0.26803811801126204,
            0.23841110199510332
        ],
        [
            0.8959628139456658,
            0.143336853956523,
            0.19620377046468596
        ],
        [
            0.8647222843815069,
            0.054283455155453963,
            0.2164270078427479
        ],
        [
            0.8229831379461796,
            0.012951835163337509,
            0.30773253465427997
        ],
        [
            0.8043464036280168,
            -0.08803178154474474,
            0.27362465835622446
        ],
        [
            0.8556703637881451,
            -0.05046683119705329,
            0.08860822311456663
        ],
        [
            0.9238384576404796,
            0.31944392917349057,
            -0.2359990109963452
        ],
        [
            0.8614370089930456,
            0.31502575648797526,
            -0.39664567993567873
        ],
        [
            0.7818233695897189,
            0.1709447426890785,
            -0.47134486337502796
        ],
        [
            0.8341835365199403,
            0.032811724966938446,
            -0.2823228043997848
        ],
        [
            0.7836784875461821,
            0.058846809314510036,
            -0.40954867728872796
        ],
        [
            0.7691302880686076,
            -0.03508011080047962,
            -0.38261754303097395
        ],
        [
            0.7192728846385006,
            -0.10786566650691415,
            -0.4268295875581508
        ],
        [
            0.7167440412505981,
            0.05754417760838424,
            -0.5128378401840886
        ],
        [
            0.7318690735074233,
            0.27682119862000515,
            -0.5818842083627728
        ],
        [
            0.6686294848956759,
            0.20869891416458858,
            -0.6273066556642926
        ],
        [
            0.6152990390605564,
            0.10956310756693158,
            -0.6456863270907462
        ],
        [
            0.603877332163792,
            -0.0002756078607133389,
            -0.6148832096773036
        ],
        [
            0.5952913335946173,
            0.34367587861486676,
            -0.7381236574548852
        ],
        [
            0.42341782796111976,
            0.2980246017263694,
            -0.8396423266015269
        ],
        [
            0.5045073496636434,
            0.21498662832394316,
            -0.7672694897531864
        ],
        [
            0.2763424693391873,
            0.1907843595896012,
            -0.8755552810736191
        ],
        [
            0.35541940387889476,
            0.1635466272220809,
            -0.8368804190285812
        ],
        [
            0.44870825469493864,
            0.11997999954968691,
            -0.7735877761244774
        ],
        [
            0.4539176823021557,
            0.0395174008026916,
            -0.7448365016130624
        ],
        [
            0.37146757397709823,
